order_no,toy,quantity
0,Tux,2
1,Tux,2
2,Tux,2
3,Tux,2
4,Tux,2
5,Tux,2
6,Tux,2
7,Tux,2
8,Tux,2
9,Tux,2
10,Tux,2
11,Tux,2
12,Tux,2
13,Tux,2
14,Tux,2
15,Tux,2
16,Tux,2
17,Tux,2
18,Tux,2
19,Tux,2
20,Tux,2
21,Tux,2
22,Tux,2
23,Tux,2
24,Tux,2
25,Tux,2
26,Tux,2
27,Tux,2
28,Tux,2
29,Tux,2
30,Tux,2
31,Tux,2
32,Tux,2
33,Tux,2
34,Tux,2
35,Tux,2
36,Tux,2
37,Tux,2
38,Tux,2
39,Tux,2
40,Tux,2
41,Tux,2
42,Tux,2
43,Tux,2
44,Tux,2
45,Tux,2
46,Tux,2
47,Tux,2
48,Tux,2
49,Tux,2
50,Tux,2
51,Tux,2
52,Tux,2
53,Tux,2
54,Tux,2
55,Tux,2
56,Tux,2
57,Tux,2
58,Tux,2
59,Tux,2
60,Tux,2
61,Tux,2
62,Tux,2
63,Tux,2
64,Tux,2
65,Tux,2
66,Tux,2
67,Tux,2
68,Tux,2
69,Tux,2
70,Tux,2
71,Tux,2
72,Tux,2
73,Tux,2
74,Tux,2
75,Tux,2
76,Tux,2
77,Tux,2
78,Tux,2
79,Tux,2
80,Tux,2
81,Tux,2
82,Tux,2
83,Tux,2
84,Tux,2
85,Tux,2
86,Tux,2
87,Tux,2
88,Tux,2
89,Tux,2
90,Tux,2
91,Tux,2
92,Tux,2
93,Tux,2
94,Tux,2
95,Tux,2
96,Tux,2
97,Tux,2
98,Tux,2
99,Tux,2
100,Tux,2
101,Tux,2
102,Tux,2
103,Tux,2
104,Tux,2
105,Tux,2
106,Tux,2
107,Tux,2
108,Tux,2
109,Tux,2
110,Tux,2
111,Tux,2
112,Tux,2
113,Tux,2
114,Tux,2
115,Tux,2
116,Tux,2
117,Tux,2
118,Tux,2
119,Tux,2
120,Tux,2
121,Tux,2
122,Tux,2
123,Tux,2
124,Tux,2
125,Tux,2
126,Tux,2
127,Tux,2
128,Tux,2
129,Tux,2
130,Tux,2
131,Tux,2
132,Tux,2
133,Tux,2
134,Tux,2
135,Tux,2
136,Tux,2
137,Tux,2
138,Tux,2
139,Tux,2
140,Tux,2
141,Tux,2
142,Tux,2
143,Tux,2
144,Tux,2
145,Tux,2
146,Tux,2
147,Tux,2
148,Tux,2
149,Tux,2
150,Tux,2
151,Tux,2
152,Tux,2
153,Tux,2
154,Tux,2
155,Tux,2
156,Tux,2
157,Tux,2
158,Tux,2
159,Tux,2
160,Tux,2
161,Tux,2
162,Tux,2
163,Tux,2
164,Tux,2
165,Tux,2
166,Tux,2
167,Tux,2
168,Tux,2
169,Tux,2
170,Tux,2
171,Tux,2
172,Tux,2
173,Tux,2
174,Tux,2
175,Tux,2
176,Tux,2
177,Tux,2
178,Tux,2
179,Tux,2
180,Tux,2
181,Tux,2
182,Tux,2
183,Tux,2
184,Tux,2
185,Tux,2
186,Tux,2
187,Tux,2
188,Tux,2
189,Tux,2
190,Tux,2
191,Tux,2
192,Tux,2
193,Tux,2
194,Tux,2
195,Tux,2
196,Tux,2
197,Tux,2
198,Tux,2
199,Tux,2
200,Tux,2
201,Tux,2
202,Tux,2
203,Tux,2
204,Tux,2
205,Tux,2
206,Tux,2
207,Tux,2
208,Tux,2
209,Tux,2
210,Tux,2
211,Tux,2
212,Tux,2
213,Tux,2
214,Tux,2
215,Tux,2
216,Tux,2
217,Tux,2
218,Tux,2
219,Tux,2
220,Tux,2
221,Tux,2
222,Tux,2
223,Tux,2
224,Tux,2
225,Tux,2
226,Tux,2
227,Tux,2
228,Tux,2
229,Tux,2
230,Tux,2
231,Tux,2
232,Tux,2
233,Tux,2
234,Tux,2
235,Tux,2
236,Tux,2
237,Tux,2
238,Tux,2
239,Tux,2
240,Tux,2
241,Tux,2
242,Tux,2
243,Tux,2
244,Tux,2
245,Tux,2
246,Tux,2
247,Tux,2
248,Tux,2
249,Tux,2
250,Tux,2
251,Tux,2
252,Tux,2
253,Tux,2
254,Tux,2
255,Tux,2
256,Tux,2
257,Tux,2
258,Tux,2
259,Tux,2
260,Tux,2
261,Tux,2
262,Tux,2
263,Tux,2
264,Tux,2
265,Tux,2
266,Tux,2
267,Tux,2
268,Tux,2
269,Tux,2
270,Tux,2
271,Tux,2
272,Tux,2
273,Tux,2
274,Tux,2
275,Tux,2
276,Tux,2
277,Tux,2
278,Tux,2
279,Tux,2
280,Tux,2
281,Tux,2
282,Tux,2
283,Tux,2
284,Tux,2
285,Tux,2
286,Tux,2
287,Tux,2
288,Tux,2
289,Tux,2
290,Tux,2
291,Tux,2
292,Tux,2
293,Tux,2
294,Tux,2
295,Tux,2
296,Tux,2
297,Tux,2
298,Tux,2
299,Tux,2
300,Tux,2
301,Tux,2
302,Tux,2
303,Tux,2
304,Tux,2
305,Tux,2
306,Tux,2
307,Tux,2
308,Tux,2
309,Tux,2
310,Tux,2
311,Tux,2
312,Tux,2
313,Tux,2
314,Tux,2
315,Tux,2
316,Tux,2
317,Tux,2
318,Tux,2
319,Tux,2
320,Tux,2
321,Tux,2
322,Tux,2
323,Tux,2
324,Tux,2
325,Tux,2
326,Tux,2
327,Tux,2
328,Tux,2
329,Tux,2
330,Tux,2
331,Tux,2
332,Tux,2
333,Tux,2
334,Tux,2
335,Tux,2
336,Tux,2
337,Tux,2
338,Tux,2
339,Tux,2
340,Tux,2
341,Tux,2
342,Tux,2
343,Tux,2
344,Tux,2
345,Tux,2
346,Tux,2
347,Tux,2
348,Tux,2
349,Tux,2
350,Tux,2
351,Tux,2
352,Tux,2
353,Tux,2
354,Tux,2
355,Tux,2
356,Tux,2
357,Tux,2
358,Tux,2
359,Tux,2
360,Tux,2
361,Tux,2
362,Tux,2
363,Tux,2
364,Tux,2
365,Tux,2
366,Tux,2
367,Tux,2
368,Tux,2
369,Tux,2
370,Tux,2
371,Tux,2
372,Tux,2
373,Tux,2
374,Tux,2
375,Tux,2
376,Tux,2
377,Tux,2
378,Tux,2
379,Tux,2
380,Tux,2
381,Tux,2
382,Tux,2
383,Tux,2
384,Tux,2
385,Tux,2
386,Tux,2
387,Tux,2
388,Tux,2
389,Tux,2
390,Tux,2
391,Tux,2
392,Tux,2
393,Tux,2
394,Tux,2
395,Tux,2
396,Tux,2
397,Tux,2
398,Tux,2
399,Tux,2
400,Tux,2
401,Tux,2
402,Tux,2
403,Tux,2
404,Tux,2
405,Tux,2
406,Tux,2
407,Tux,2
408,Tux,2
409,Tux,2
410,Tux,2
411,Tux,2
412,Tux,2
413,Tux,2
414,Tux,2
415,Tux,2
416,Tux,2
417,Tux,2
418,Tux,2
419,Tux,2
420,Tux,2
421,Tux,2
422,Tux,2
423,Tux,2
424,Tux,2
425,Tux,2
426,Tux,2
427,Tux,2
428,Tux,2
429,Tux,2
430,Tux,2
431,Tux,2
432,Tux,2
433,Tux,2
434,Tux,2
435,Tux,2
436,Tux,2
437,Tux,2
438,Tux,2
439,Tux,2
440,Tux,2
441,Tux,2
442,Tux,2
443,Tux,2
444,Tux,2
445,Tux,2
446,Tux,2
447,Tux,2
448,Tux,2
449,Tux,2
450,Tux,2
451,Tux,2
452,Tux,2
453,Tux,2
454,Tux,2
455,Tux,2
456,Tux,2
457,Tux,2
458,Tux,2
459,Tux,2
460,Tux,2
461,Tux,2
462,Tux,2
463,Tux,2
464,Tux,2
465,Tux,2
466,Tux,2
467,Tux,2
468,Tux,2
469,Tux,2
470,Tux,2
471,Tux,2
472,Tux,2
473,Tux,2
474,Tux,2
475,Tux,2
476,Tux,2
477,Tux,2
478,Tux,2
479,Tux,2
480,Tux,2
481,Tux,2
482,Tux,2
483,Tux,2
484,Tux,2
485,Tux,2
486,Tux,2
487,Tux,2
488,Tux,2
489,Tux,2
490,Tux,2
491,Tux,2
492,Tux,2
493,Tux,2
494,Tux,2
495,Tux,2
496,Tux,2
497,Tux,2
498,Tux,2
499,Tux,2
500,Tux,2
501,Tux,2
502,Tux,2
503,Tux,2
504,Tux,2
505,Tux,2
506,Tux,2
507,Tux,2
508,Tux,2
509,Tux,2
510,Tux,2
511,Tux,2
512,Tux,2
513,Tux,2
514,Tux,2
515,Tux,2
516,Tux,2
517,Tux,2
518,Tux,2
519,Tux,2
520,Tux,2
521,Tux,2
522,Tux,2
523,Tux,2
524,Tux,2
525,Tux,2
526,Tux,2
527,Tux,2
528,Tux,2
529,Tux,2
530,Tux,2
531,Tux,2
532,Tux,2
533,Tux,2
534,Tux,2
535,Tux,2
536,Tux,2
537,Tux,2
538,Tux,2
539,Tux,2
540,Tux,2
541,Tux,2
542,Tux,2
543,Tux,2
544,Tux,2
545,Tux,2
546,Tux,2
547,Tux,2
548,Tux,2
549,Tux,2
550,Tux,2
551,Tux,2
552,Tux,2
553,Tux,2
554,Tux,2
555,Tux,2
556,Tux,2
557,Tux,2
558,Tux,2
559,Tux,2
560,Tux,2
561,Tux,2
562,Tux,2
563,Tux,2
564,Tux,2
565,Tux,2
566,Tux,2
567,Tux,2
568,Tux,2
569,Tux,2
570,Tux,2
571,Tux,2
572,Tux,2
573,Tux,2
574,Tux,2
575,Tux,2
576,Tux,2
577,Tux,2
578,Tux,2
579,Tux,2
580,Tux,2
581,Tux,2
582,Tux,2
583,Tux,2
584,Tux,2
585,Tux,2
586,Tux,2
587,Tux,2
588,Tux,2
589,Tux,2
590,Tux,2
591,Tux,2
592,Tux,2
593,Tux,2
594,Tux,2
595,Tux,2
596,Tux,2
597,Tux,2
598,Tux,2
599,Tux,2
600,Tux,2
601,Tux,2
602,Tux,2
603,Tux,2
604,Tux,2
605,Tux,2
606,Tux,2
607,Tux,2
608,Tux,2
609,Tux,2
610,Tux,2
611,Tux,2
612,Tux,2
613,Tux,2
614,Tux,2
615,Tux,2
616,Tux,2
617,Tux,2
618,Tux,2
619,Tux,2
620,Tux,2
621,Tux,2
622,Tux,2
623,Tux,2
624,Tux,2
625,Tux,2
626,Tux,2
627,Tux,2
628,Tux,2
629,Tux,2
630,Tux,2
631,Tux,2
632,Tux,2
633,Tux,2
634,Tux,2
635,Tux,2
636,Tux,2
637,Tux,2
638,Tux,2
639,Tux,2
640,Tux,2
641,Tux,2
642,Tux,2
643,Tux,2
644,Tux,2
645,Tux,2
646,Tux,2
647,Tux,2
648,Tux,2
649,Tux,2
650,Tux,2
651,Tux,2
652,Tux,2
653,Tux,2
654,Tux,2
655,Tux,2
656,Tux,2
657,Tux,2
658,Tux,2
659,Tux,2
660,Tux,2
661,Tux,2
662,Tux,2
663,Tux,2
664,Tux,2
665,Tux,2
666,Tux,2
667,Tux,2
668,Tux,2
669,Tux,2
670,Tux,2
671,Tux,2
672,Tux,2
673,Tux,2
674,Tux,2
675,Tux,2
676,Tux,2
677,Tux,2
678,Tux,2
679,Tux,2
680,Tux,2
681,Tux,2
682,Tux,2
683,Tux,2
684,Tux,2
685,Tux,2
686,Tux,2
687,Tux,2
688,Tux,2
689,Tux,2
690,Tux,2
691,Tux,2
692,Tux,2
693,Tux,2
694,Tux,2
695,Tux,2
696,Tux,2
697,Tux,2
698,Tux,2
699,Tux,2
700,Tux,2
701,Tux,2
702,Tux,2
703,Tux,2
704,Tux,2
705,Tux,2
706,Tux,2
707,Tux,2
708,Tux,2
709,Tux,2
710,Tux,2
711,Tux,2
712,Tux,2
713,Tux,2
714,Tux,2
715,Tux,2
716,Tux,2
717,Tux,2
718,Tux,2
719,Tux,2
720,Tux,2
721,Tux,2
722,Tux,2
723,Tux,2
724,Tux,2
725,Tux,2
726,Tux,2
727,Tux,2
728,Tux,2
729,Tux,2
730,Tux,2
731,Tux,2
732,Tux,2
733,Tux,2
734,Tux,2
735,Tux,2
736,Tux,2
737,Tux,2
738,Tux,2
739,Tux,2
740,Tux,2
741,Tux,2
742,Tux,2
743,Tux,2
744,Tux,2
745,Tux,2
746,Tux,2
747,Tux,2
748,Tux,2
749,Tux,2
750,Tux,2
751,Tux,2
752,Tux,2
753,Tux,2
754,Tux,2
755,Tux,2
756,Tux,2
757,Tux,2
758,Tux,2
759,Tux,2
760,Tux,2
761,Tux,2
762,Tux,2
763,Tux,2
764,Tux,2
765,Tux,2
766,Tux,2
767,Tux,2
768,Tux,2
769,Tux,2
770,Tux,2
771,Tux,2
772,Tux,2
773,Tux,2
774,Tux,2
775,Tux,2
776,Tux,2
777,Tux,2
778,Tux,2
779,Tux,2
780,Tux,2
781,Tux,2
782,Tux,2
783,Tux,2
784,Tux,2
785,Tux,2
786,Tux,2
787,Tux,2
788,Tux,2
789,Tux,2
790,Tux,2
791,Tux,2
792,Tux,2
793,Tux,2
794,Tux,2
795,Tux,2
796,Tux,2
797,Tux,2
798,Tux,2
799,Tux,2
800,Tux,2
801,Tux,2
802,Tux,2
803,Tux,2
804,Tux,2
805,Tux,2
806,Tux,2
807,Tux,2
808,Tux,2
809,Tux,2
810,Tux,2
811,Tux,2
812,Tux,2
813,Tux,2
814,Tux,2
815,Tux,2
816,Tux,2
817,Tux,2
818,Tux,2
819,Tux,2
820,Tux,2
821,Tux,2
822,Tux,2
823,Tux,2
824,Tux,2
825,Tux,2
826,Tux,2
827,Tux,2
828,Tux,2
829,Tux,2
830,Tux,2
831,Tux,2
832,Tux,2
833,Tux,2
834,Tux,2
835,Tux,2
836,Tux,2
837,Tux,2
838,Tux,2
839,Tux,2
840,Tux,2
841,Tux,2
842,Tux,2
843,Tux,2
844,Tux,2
845,Tux,2
846,Tux,2
847,Tux,2
848,Tux,2
849,Tux,2
850,Tux,2
851,Tux,2
852,Tux,2
853,Tux,2
854,Tux,2
855,Tux,2
856,Tux,2
857,Tux,2
858,Tux,2
859,Tux,2
860,Tux,2
861,Tux,2
862,Tux,2
863,Tux,2
864,Tux,2
865,Tux,2
866,Tux,2
867,Tux,2
868,Tux,2
869,Tux,2
870,Tux,2
871,Tux,2
872,Tux,2
873,Tux,2
874,Tux,2
875,Tux,2
876,Tux,2
877,Tux,2
878,Tux,2
879,Tux,2
880,Tux,2
881,Tux,2
882,Tux,2
883,Tux,2
884,Tux,2
885,Tux,2
886,Tux,2
887,Tux,2
888,Tux,2
889,Tux,2
890,Tux,2
891,Tux,2
892,Tux,2
893,Tux,2
894,Tux,2
895,Tux,2
896,Tux,2
897,Tux,2
898,Tux,2
899,Tux,2
900,Tux,2
901,Tux,2
902,Tux,2
903,Tux,2
904,Tux,2
905,Tux,2
906,Tux,2
907,Tux,2
908,Tux,2
909,Tux,2
910,Tux,2
911,Tux,2
912,Tux,2
913,Tux,2
914,Tux,2
915,Tux,2
916,Tux,2
917,Tux,2
918,Tux,2
919,Tux,2
920,Tux,2
921,Tux,2
922,Tux,2
923,Tux,2
924,Tux,2
925,Tux,2
926,Tux,2
927,Tux,2
928,Tux,2
929,Tux,2
930,Tux,2
931,Tux,2
932,Tux,2
933,Tux,2
934,Tux,2
935,Tux,2
936,Tux,2
937,Tux,2
938,Tux,2
939,Tux,2
940,Tux,2
941,Tux,2
942,Tux,2
943,Tux,2
944,Tux,2
945,Tux,2
946,Tux,2
947,Tux,2
948,Tux,2
949,Tux,2
950,Tux,2
951,Tux,2
952,Tux,2
953,Tux,2
954,Tux,2
955,Tux,2
956,Tux,2
957,Tux,2
958,Tux,2
959,Tux,2
960,Tux,2
961,Tux,2
962,Tux,2
963,Tux,2
964,Tux,2
965,Tux,2
966,Tux,2
967,Tux,2
968,Tux,2
969,Tux,2
970,Tux,2
971,Tux,2
972,Tux,2
973,Tux,2
974,Tux,2
975,Tux,2
976,Tux,2
977,Tux,2
978,Tux,2
979,Tux,2
980,Tux,2
981,Tux,2
982,Tux,2
983,Tux,2
984,Tux,2
985,Tux,2
986,Tux,2
987,Tux,2
988,Tux,2
989,Tux,2
990,Tux,2
991,Tux,2
992,Tux,2
993,Tux,2
994,Tux,2
995,Tux,2
996,Tux,2
997,Tux,2
998,Tux,2
999,Tux,2
1000,Tux,2
1001,Tux,2
1002,Tux,2
1003,Tux,2
1004,Tux,2
1005,Tux,2
1006,Tux,2
1007,Tux,2
1008,Tux,2
1009,Tux,2
1010,Tux,2
1011,Tux,2
1012,Tux,2
1013,Tux,2
1014,Tux,2
1015,Tux,2
1016,Tux,2
1017,Tux,2
1018,Tux,2
1019,Tux,2
1020,Tux,2
1021,Tux,2
1022,Tux,2
1023,Tux,2
1024,Tux,2
1025,Tux,2
1026,Tux,2
1027,Tux,2
1028,Tux,2
1029,Tux,2
1030,Tux,2
1031,Tux,2
1032,Tux,2
1033,Tux,2
1034,Tux,2
1035,Tux,2
1036,Tux,2
1037,Tux,2
1038,Tux,2
1039,Tux,2
1040,Tux,2
1041,Tux,2
1042,Tux,2
1043,Tux,2
1044,Tux,2
1045,Tux,2
1046,Tux,2
1047,Tux,2
1048,Tux,2
1049,Tux,2
1050,Tux,2
1051,Tux,2
1052,Tux,2
